Prénom,Nom,Equipe
Lewis,Harris,KaraTeam
Pierrot,Dupont,Apinal
George,Martin,HuytTeam
Emma,Durand,FastKart
Lucas,Lefevre,SpeedRacer
Chloé,Petit,TurboKart
Noah,Roux,RaceMasters
Léa,Fournier,AlphaKart
Gabriel,Garnier,VelocityTeam
Manon,Chevalier,FlashKart
Arthur,Rousseau,NovaTeam
Jade,Blanc,QuantumKart
Hugo,Henry,RocketRacers
Camille,Morin,PhantomTeam
Raphaël,Noel,LightningKart
Louise,Louis,StormRacers
Tom,Muller,VortexTeam
Sarah,Garcia,IgniteKart
Ethan,David,BlazeRacers
Clara,Bertrand,MaxKart
Jules,Moreau,KaraTeam
Alice,Simon,Apinal
Théo,Lefort,HuytTeam
Eva,Leroy,FastKart
Maxime,Dubois,SpeedRacer
Anna,Fournier,TurboKart
Léo,Girard,RaceMasters
Julia,Bonnet,AlphaKart
Alexandre,Lambert,VelocityTeam
Inès,Michel,FlashKart
Nathan,Guerin,NovaTeam
Pauline,Vincent,QuantumKart
Valentin,Richard,RocketRacers
Margaux,Robert,PhantomTeam
Mathis,Dubois,LightningKart
Laura,Petit,StormRacers
Gabin,Durand,VortexTeam
Romane,Leroy,IgniteKart
Antoine,Martin,BlazeRacers
Elisa,Bernard,MaxKart
Yanis,Thomas,KaraTeam
Sophie,Dubois,Apinal
Kylian,Durand,HuytTeam
Maëva,Petit,FastKart
Émilie,Roux,SpeedRacer
Oscar,Fournier,TurboKart
Lana,Garcia,RaceMasters
Mael,Louis,AlphaKart
Mia,Richard,VelocityTeam
Clément,Morin,FlashKart
Zoé,Robert,NovaTeam
Adam,Garnier,QuantumKart
Romy,Blanc,RocketRacers
Victor,Henry,PhantomTeam
Juliette,Noel,LightningKart
Timothée,Louis,StormRacers
Nina,Muller,VortexTeam
Aymerick,Garcia,IgniteKart
Ambre,David,BlazeRacers
Marin,Bertrand,MaxKart
Lucas,Lefevre,KaraTeam
Chloé,Petit,Apinal
Noah,Roux,HuytTeam
Léa,Fournier,FastKart
Gabriel,Garnier,SpeedRacer
Manon,Chevalier,TurboKart
Arthur,Rousseau,RaceMasters
Jade,Blanc,AlphaKart
Hugo,Henry,VelocityTeam
Camille,Morin,FlashKart
Raphaël,Noel,NovaTeam
Louise,Louis,QuantumKart
Tom,Muller,RocketRacers
Sarah,Garcia,PhantomTeam
Ethan,David,LightningKart
Clara,Bertrand,StormRacers
Lewis,Harris,VortexTeam
Pierrot,Dupont,IgniteKart
George,Martin,BlazeRacers
Emma,Durand,MaxKart
Jules,Moreau,KaraTeam
Alice,Simon,Apinal
Théo,Lefort,HuytTeam
Eva,Leroy,FastKart
Maxime,Dubois,SpeedRacer
Anna,Fournier,TurboKart
Léo,Girard,RaceMasters
Julia,Bonnet,AlphaKart
Alexandre,Lambert,VelocityTeam
Inès,Michel,FlashKart
Nathan,Guerin,NovaTeam
Pauline,Vincent,QuantumKart
Valentin,Richard,RocketRacers
Margaux,Robert,PhantomTeam
Mathis,Dubois,LightningKart
Laura,Petit,StormRacers
Gabin,Durand,VortexTeam
Romane,Leroy,IgniteKart
Antoine,Martin,BlazeRacers
Elisa,Bernard,MaxKart
Yanis,Thomas,KaraTeam
Sophie,Dubois,Apinal
Kylian,Durand,HuytTeam
Maëva,Petit,FastKart
Émilie,Roux,SpeedRacer
Oscar,Fournier,TurboKart
Lana,Garcia,RaceMasters
Mael,Louis,AlphaKart
Mia,Richard,VelocityTeam
Clément,Morin,FlashKart
Zoé,Robert,NovaTeam
Adam,Garnier,QuantumKart
Romy,Blanc,RocketRacers
Victor,Henry,PhantomTeam
Juliette,Noel,LightningKart
Timothée,Louis,StormRacers
Nina,Muller,VortexTeam
Aymerick,Garcia,IgniteKart
Ambre,David,BlazeRacers
Marin,Bertrand,MaxKart
Lewis,Harris,KaraTeam
Pierrot,Dupont,Apinal
George,Martin,HuytTeam
Emma,Durand,FastKart
Lucas,Lefevre,SpeedRacer
Chloé,Petit,TurboKart
Noah,Roux,RaceMasters
Léa,Fournier,AlphaKart
Gabriel,Garnier,VelocityTeam
Manon,Chevalier,FlashKart
Arthur,Rousseau,NovaTeam
Jade,Blanc,QuantumKart
Hugo,Henry,RocketRacers
Camille,Morin,PhantomTeam
Raphaël,Noel,LightningKart
Louise,Louis,StormRacers
Tom,Muller,VortexTeam
Sarah,Garcia,IgniteKart
Ethan,David,BlazeRacers
Clara,Bertrand,MaxKart
Jules,Moreau,KaraTeam
Alice,Simon,Apinal
Théo,Lefort,HuytTeam
Eva,Leroy,FastKart
Maxime,Dubois,SpeedRacer
Anna,Fournier,TurboKart
Léo,Girard,RaceMasters
Julia,Bonnet,AlphaKart
Alexandre,Lambert,VelocityTeam
Inès,Michel,FlashKart
Nathan,Guerin,NovaTeam
Pauline,Vincent,QuantumKart
Valentin,Richard,RocketRacers
Margaux,Robert,PhantomTeam
Mathis,Dubois,LightningKart
Laura,Petit,StormRacers
Gabin,Durand,VortexTeam
Romane,Leroy,IgniteKart
Antoine,Martin,BlazeRacers
Elisa,Bernard,MaxKart
Yanis,Thomas,KaraTeam
Sophie,Dubois,Apinal
Kylian,Durand,HuytTeam
Maëva,Petit,FastKart
Émilie,Roux,SpeedRacer
Oscar,Fournier,TurboKart
Lana,Garcia,RaceMasters
Mael,Louis,AlphaKart
Mia,Richard,VelocityTeam
Clément,Morin,FlashKart
Zoé,Robert,NovaTeam
Adam,Garnier,QuantumKart
Romy,Blanc,RocketRacers
Victor,Henry,PhantomTeam
Juliette,Noel,LightningKart
Timothée,Louis,StormRacers
Nina,Muller,VortexTeam
Aymerick,Garcia,IgniteKart
Ambre,David,BlazeRacers
Marin,Bertrand,MaxKart
Lucas,Lefevre,KaraTeam
Chloé,Petit,Apinal
Noah,Roux,HuytTeam
Léa,Fournier,FastKart
Gabriel,Garnier,SpeedRacer
Manon,Chevalier,TurboKart
Arthur,Rousseau,RaceMasters
Jade,Blanc,AlphaKart
Hugo,Henry,VelocityTeam
Camille,Morin,FlashKart
Raphaël,Noel,NovaTeam
Louise,Louis,QuantumKart
Tom,Muller,RocketRacers
Sarah,Garcia,PhantomTeam
Ethan,David,LightningKart
Clara,Bertrand,StormRacers
Lewis,Harris,VortexTeam
Pierrot,Dupont,IgniteKart
George,Martin,BlazeRacers
Emma,Durand,MaxKart
Jules,Moreau,KaraTeam
Alice,Simon,Apinal
Théo,Lefort,HuytTeam
Eva,Leroy,FastKart
Maxime,Dubois,SpeedRacer
Anna,Fournier,TurboKart
Léo,Girard,RaceMasters
Julia,Bonnet,AlphaKart
Alexandre,Lambert,VelocityTeam
Inès,Michel,FlashKart
Nathan,Guerin,NovaTeam
Pauline,Vincent,QuantumKart
Valentin,Richard,RocketRacers
Margaux,Robert,PhantomTeam
Mathis,Dubois,LightningKart
Laura,Petit,StormRacers
Gabin,Durand,VortexTeam
Romane,Leroy,IgniteKart
Antoine,Martin,BlazeRacers
Elisa,Bernard,MaxKart
Yanis,Thomas,KaraTeam
Sophie,Dubois,Apinal
Kylian,Durand,HuytTeam
Maëva,Petit,FastKart
Émilie,Roux,SpeedRacer
Oscar,Fournier,TurboKart
Lana,Garcia,RaceMasters
Mael,Louis,AlphaKart
Mia,Richard,VelocityTeam
Clément,Morin,FlashKart
Zoé,Robert,NovaTeam
Adam,Garnier,QuantumKart
Romy,Blanc,RocketRacers
Victor,Henry,PhantomTeam
Juliette,Noel,LightningKart
Timothée,Louis,StormRacers
Nina,Muller,VortexTeam
Aymerick,Garcia,IgniteKart
Ambre,David,BlazeRacers
Marin,Bertrand,MaxKart
Lewis,Harris,KaraTeam
Pierrot,Dupont,Apinal
George,Martin,HuytTeam
Emma,Durand,FastKart
Lucas,Lefevre,SpeedRacer
Chloé,Petit,TurboKart
Noah,Roux,RaceMasters
Léa,Fournier,AlphaKart
Gabriel,Garnier,VelocityTeam
Manon,Chevalier,FlashKart
Arthur,Rousseau,NovaTeam
Jade,Blanc,QuantumKart
Hugo,Henry,RocketRacers
Camille,Morin,PhantomTeam
Raphaël,Noel,LightningKart
Louise,Louis,StormRacers
Tom,Muller,VortexTeam
Sarah,Garcia,IgniteKart
Ethan,David,BlazeRacers
Clara,Bertrand,MaxKart
Jules,Moreau,KaraTeam
Alice,Simon,Apinal
Théo,Lefort,HuytTeam
Eva,Leroy,FastKart
Maxime,Dubois,SpeedRacer
Anna,Fournier,TurboKart
Léo,Girard,RaceMasters
Julia,Bonnet,AlphaKart
Alexandre,Lambert,VelocityTeam
Inès,Michel,FlashKart
Nathan,Guerin,NovaTeam
Pauline,Vincent,QuantumKart
Valentin,Richard,RocketRacers
Margaux,Robert,PhantomTeam
Mathis,Dubois,LightningKart
Laura,Petit,StormRacers
Gabin,Durand,VortexTeam
Romane,Leroy,IgniteKart
Antoine,Martin,BlazeRacers
Elisa,Bernard,MaxKart
Yanis,Thomas,KaraTeam
Sophie,Dubois,Apinal
Kylian,Durand,HuytTeam
Maëva,Petit,FastKart
Émilie,Roux,SpeedRacer
Oscar,Fournier,TurboKart
Lana,Garcia,RaceMasters
Mael,Louis,AlphaKart
Mia,Richard,VelocityTeam
Clément,Morin,FlashKart
Zoé,Robert,NovaTeam
Adam,Garnier,QuantumKart
Romy,Blanc,RocketRacers
Victor,Henry,PhantomTeam
Juliette,Noel,LightningKart
Timothée,Louis,StormRacers
Nina,Muller,VortexTeam
Aymerick,Garcia,IgniteKart
Ambre,David,BlazeRacers
Marin,Bertrand,MaxKart
Lucas,Lefevre,KaraTeam
Chloé,Petit,Apinal
Noah,Roux,HuytTeam
Léa,Fournier,FastKart
Gabriel,Garnier,SpeedRacer
Manon,Chevalier,TurboKart
Arthur,Rousseau,RaceMasters
Jade,Blanc,AlphaKart
Hugo,Henry,VelocityTeam
Camille,Morin,FlashKart
Raphaël,Noel,NovaTeam
Louise,Louis,QuantumKart
Tom,Muller,RocketRacers
Sarah,Garcia,PhantomTeam
Ethan,David,LightningKart
Clara,Bertrand,StormRacers
Lewis,Harris,VortexTeam
Pierrot,Dupont,IgniteKart
George,Martin,BlazeRacers
Emma,Durand,MaxKart
Jules,Moreau,KaraTeam
Alice,Simon,Apinal
Théo,Lefort,HuytTeam
Eva,Leroy,FastKart
Maxime,Dubois,SpeedRacer
Anna,Fournier,TurboKart
Léo,Girard,RaceMasters
Julia,Bonnet,AlphaKart
Alexandre,Lambert,VelocityTeam
Inès,Michel,FlashKart
Nathan,Guerin,NovaTeam
Pauline,Vincent,QuantumKart
Valentin,Richard,RocketRacers
Margaux,Robert,PhantomTeam
Mathis,Dubois,LightningKart
Laura,Petit,StormRacers
Gabin,Durand,VortexTeam
Romane,Leroy,IgniteKart
Antoine,Martin,BlazeRacers
Elisa,Bernard,MaxKart
Yanis,Thomas,KaraTeam
Sophie,Dubois,Apinal
Kylian,Durand,HuytTeam
Maëva,Petit,FastKart
Émilie,Roux,SpeedRacer
Oscar,Fournier,TurboKart
Lana,Garcia,RaceMasters
Mael,Louis,AlphaKart
Mia,Richard,VelocityTeam
Clément,Morin,FlashKart
Zoé,Robert,NovaTeam
Adam,Garnier,QuantumKart
Romy,Blanc,RocketRacers
Victor,Henry,PhantomTeam
Juliette,Noel,LightningKart
Timothée,Louis,StormRacers
Nina,Muller,VortexTeam
Aymerick,Garcia,IgniteKart
Ambre,David,BlazeRacers
Marin,Bertrand,MaxKart
Lewis,Harris,KaraTeam
Pierrot,Dupont,Apinal
George,Martin,HuytTeam
Emma,Durand,FastKart
Lucas,Lefevre,SpeedRacer
Chloé,Petit,TurboKart
Noah,Roux,RaceMasters
Léa,Fournier,AlphaKart
Gabriel,Garnier,VelocityTeam
Manon,Chevalier,FlashKart
Arthur,Rousseau,NovaTeam
Jade,Blanc,QuantumKart
Hugo,Henry,RocketRacers
Camille,Morin,PhantomTeam
Raphaël,Noel,LightningKart
Louise,Louis,StormRacers
Tom,Muller,VortexTeam
Sarah,Garcia,IgniteKart
Ethan,David,BlazeRacers
Clara,Bertrand,MaxKart
Jules,Moreau,KaraTeam
Alice,Simon,Apinal
Théo,Lefort,HuytTeam
Eva,Leroy,FastKart
Maxime,Dubois,SpeedRacer
Anna,Fournier,TurboKart
Léo,Girard,RaceMasters
Julia,Bonnet,AlphaKart
Alexandre,Lambert,VelocityTeam
Inès,Michel,FlashKart
Nathan,Guerin,NovaTeam
Pauline,Vincent,QuantumKart
Valentin,Richard,RocketRacers
Margaux,Robert,PhantomTeam
Mathis,Dubois,LightningKart
Laura,Petit,StormRacers
Gabin,Durand,VortexTeam
Romane,Leroy,IgniteKart
Antoine,Martin,BlazeRacers
Elisa,Bernard,MaxKart
Yanis,Thomas,KaraTeam
Sophie,Dubois,Apinal
Kylian,Durand,HuytTeam
Maëva,Petit,FastKart
Émilie,Roux,SpeedRacer
Oscar,Fournier,TurboKart
Lana,Garcia,RaceMasters
Mael,Louis,AlphaKart
Mia,Richard,VelocityTeam
Clément,Morin,FlashKart
Zoé,Robert,NovaTeam
Adam,Garnier,QuantumKart
Romy,Blanc,RocketRacers
Victor,Henry,PhantomTeam
Juliette,Noel,LightningKart
Timothée,Louis,StormRacers
Nina,Muller,VortexTeam
Aymerick,Garcia,IgniteKart
Ambre,David,BlazeRacers
Marin,Bertrand,MaxKart
Lucas,Lefevre,KaraTeam
Chloé,Petit,Apinal
Noah,Roux,HuytTeam
Léa,Fournier,FastKart
Gabriel,Garnier,SpeedRacer
Manon,Chevalier,TurboKart
Arthur,Rousseau,RaceMasters
Jade,Blanc,AlphaKart
Hugo,Henry,VelocityTeam
Camille,Morin,FlashKart
Raphaël,Noel,NovaTeam
Louise,Louis,QuantumKart
Tom,Muller,RocketRacers
Sarah,Garcia,PhantomTeam
Ethan,David,LightningKart
Clara,Bertrand,StormRacers
Lewis,Harris,VortexTeam
Pierrot,Dupont,IgniteKart
George,Martin,BlazeRacers
Emma,Durand,MaxKart
Jules,Moreau,KaraTeam
Alice,Simon,Apinal
Théo,Lefort,HuytTeam
Eva,Leroy,FastKart
Maxime,Dubois,SpeedRacer
Anna,Fournier,TurboKart
Léo,Girard,RaceMasters
Julia,Bonnet,AlphaKart
Alexandre,Lambert,VelocityTeam
Inès,Michel,FlashKart
Nathan,Guerin,NovaTeam
Pauline,Vincent,QuantumKart
Valentin,Richard,RocketRacers
Margaux,Robert,PhantomTeam
Mathis,Dubois,LightningKart
Laura,Petit,StormRacers
Gabin,Durand,VortexTeam
Romane,Leroy,IgniteKart
Antoine,Martin,BlazeRacers
Elisa,Bernard,MaxKart
Yanis,Thomas,KaraTeam
Sophie,Dubois,Apinal
Kylian,Durand,HuytTeam
Maëva,Petit,FastKart
Émilie,Roux,SpeedRacer
Oscar,Fournier,TurboKart
Lana,Garcia,RaceMasters
Mael,Louis,AlphaKart
Mia,Richard,VelocityTeam
Clément,Morin,FlashKart
Zoé,Robert,NovaTeam
Adam,Garnier,QuantumKart
Romy,Blanc,RocketRacers
Victor,Henry,PhantomTeam
Juliette,Noel,LightningKart
Timothée,Louis,StormRacers
Nina,Muller,VortexTeam
Aymerick,Garcia,IgniteKart
Ambre,David,BlazeRacers
Marin,Bertrand,MaxKart
Lucas,Lefevre,KaraTeam
Chloé,Petit,Apinal
Noah,Roux,HuytTeam
Léa,Fournier,FastKart
Gabriel,Garnier,SpeedRacer
Manon,Chevalier,TurboKart
Arthur,Rousseau,RaceMasters
Jade,Blanc,AlphaKart
Hugo,Henry,VelocityTeam
Camille,Morin,FlashKart
Raphaël,Noel,NovaTeam
Louise,Louis,QuantumKart
Tom,Muller,RocketRacers
Sarah,Garcia,PhantomTeam
Ethan,David,LightningKart
Clara,Bertrand,StormRacers
Lewis,Harris,VortexTeam
Pierrot,Dupont,IgniteKart
George,Martin,BlazeRacers
Emma,Durand,MaxKart